Ansatz Type,Score,Error
UCCSD,172,0.000019
PUCCD,80,4.218935
SUCCD,120,2.241383
TwoLocal,30,0.053410

